ce32484d-2078-4514-818d-c554609a8f96,02e00e67-ada7-4ac3-a8c5-7d9a2ab2465b,en-US,MIDI Baritone
86ac5e12-d9bf-4713-8276-0064c98c9c3e,02e5d7fc-640d-4a22-ae31-20556f19fc63,en-US,Violin I
a7d80ed4-6d26-43b3-915f-e877718c8de1,04c80f74-0348-43af-8eb5-67699826e758,en-US,Cymbal
38088af6-588e-4fb5-82f3-1d797434fbb8,06e50eca-b05d-4a69-8ce3-d4a3179bd11e,en-US,MIDI Tenor II
15df0609-a40a-4cb3-9b8f-d4a073e26963,09d5120b-2dd2-4408-8982-68bee197ce6a,en-US,Piano
25bea41a-356f-46b8-8f3f-cdd25434fc50,11e3c9eb-c022-48c4-82a4-91f09bf089b0,en-US,Flute
b9b431d5-74a9-4f4b-b5a5-74229386ad27,12f9ac21-4bec-40e0-9411-d39a129f2c7b,en-US,Clarinet
aa93de95-ed81-44d7-8fda-685b0f1bbc1b,1427517d-7991-4fad-a023-4b0ec3f46166,en-US,Brass
d2d334fb-0575-40f9-952e-0c416a7c6124,22997832-30fe-48e1-bdc0-3493b39814fb,en-US,Trumpet in Bb
7c510eb3-d68d-4325-b526-23e2aaf02fb2,23d92c83-1bad-4c4a-a741-3306ce491bb5,en-US,MIDI Alto I
f2044505-671b-4f4f-a1cd-b701aa545d83,251cc51f-5208-4b8c-a23c-657694a08997,en-US,MIDI Alto II
175337f2-c038-413f-ad0a-eab7b886d872,261d020a-1c04-4196-89ba-2bef4e090019,en-US,Sung Voice
7d51c8c8-c8ee-49b0-9f86-3cd57389e1c4,27c1d204-c45f-4d6c-8f0f-90df3700e82a,en-US,Tuba
20b40188-a806-4c13-8c45-104e9552e423,2f7c63fc-c6f2-4357-86e7-77c7605f7eca,en-US,MIDI Bass I
7b0e62f4-dade-4027-8b35-f9f64ed8b489,32f70923-fbe8-4e39-893e-fc30824f749e,en-US,Second Voice
45e379c6-9f74-4f9c-a39e-1a1adab71223,35ab281e-8aab-4be4-ba74-ef6ce771c46b,en-US,MIDI Bass II
4bb6a788-2692-49df-9f2f-1a6bee16b8ac,36fa6e60-37d6-40a4-87e4-aa099839ad25,en-US,Sheet Music
bd43ff97-cf99-400b-8dba-7cbf94684647,3723a55b-a0bb-49b1-be0e-2914915c51af,en-US,Soprano Voice
0f0d26fd-d94c-4554-833a-446fa1ee966b,38d1bb43-0959-435d-b845-754ebec83a87,en-US,Guitar
143f0d52-05c9-49c7-a3a3-3f12fad22be0,3b55c854-aa8e-43cf-9433-ba49a0161d90,en-US,Lyrics
0071f35b-d513-45e9-a6f6-6c006f3bf065,40f562c0-c506-4044-a598-cccea7500fc4,en-US,Baritone Saxophone
f2e5c43a-5249-45a2-8ff6-52fb4d6bbd6e,4120bf94-6ef9-4c94-be8f-97d088f0d9d4,en-US,MIDI Voice Women
eb2f18ea-d5bb-49d0-bd00-f08d3ba8c8d4,4243223d-c2a0-433c-b385-1994dcfe4e46,en-US,French Horn in F
f892eb53-3448-4576-b070-9b2c659d54e9,481a43df-dd03-4a0a-a333-7ca0aa99fdf7,en-US,Tenor Voice II
62b3a79e-c9d2-4b05-be0d-2f88e1fc8ee5,48a0529d-f6c4-455c-b83b-19a99c0285ae,en-US,MIDI Soprano II
f38ed00a-0fe8-44b3-9391-9d82d9a1af40,4930d355-80ce-4192-8bab-c09d00f82c3c,en-US,Bassoon
2dc33601-ab3a-4ad5-bd74-9325d1779403,4965a489-9b7e-4560-bbc6-e5b88ca57bf4,en-US,Harmonica
4b27bd3f-acdd-45c5-9193-48932fa61e6c,4a21d073-1726-41a3-bca7-77550f91e02a,en-US,CIAs Gestures
6c2df61e-90b1-40ae-8e60-f11461fff091,4a3be8c6-9e6a-42d6-9181-0cd19e2d1096,en-US,Base
bfe60dd1-4783-4cad-87d4-0efedcbf8ddf,4b880911-32df-4b86-aae2-78c6e467de60,en-US,MIDI Voice Men
4bfc7aa1-280e-4b25-9f5e-d9c9b2eb8c75,4bbf1331-b13e-4029-bbb7-bf5eda568409,en-US,MIDI Tenor
dc1ea80c-0493-4be6-9def-a74e8e0f2d37,5181c85f-7f24-4002-b4e0-74cdcea9de4b,en-US,Oboe
708c4ed0-5bce-4a18-a467-a82a466d0854,541a5d3e-e788-4de2-98ea-18b0317b0c33,en-US,Bass Drum
22837e08-adae-4774-9d76-f3ff15b1043c,56c252f4-bcbe-47b9-99f6-f996de79ec32,en-US,MIDI Choir
ee1f17ba-77c0-41f0-9d9d-a61678f015b8,578fa489-d31e-4a0e-8883-5e2c8a2b8957,en-US,MIDI Instruments
37daa43d-8682-4947-aaed-3699c3710c22,59df1962-d245-41eb-9fdc-ca79d69a34ab,en-US,Clarinet in Bb
7f1a23b5-8047-4320-935d-4e6d244d90ce,5d491559-6298-419d-a2d5-399675386a40,en-US,Viola
d7895df3-6909-48d4-87f7-ff478fe721cf,649b3ef6-60f3-4956-b0dc-b3a8b73ca1d2,en-US,Audio Group
f6990f59-e2f1-443c-9dea-d0066dd4dcf4,64be7569-0246-4334-96c4-cb3cfb3ae5b2,en-US,Playback
e526fac1-b4fa-4245-8e75-f47eb2c8c488,68915148-9029-4c2b-bb35-c89338240f0a,en-US,Tenor Saxophone
91f51af1-4635-4f5d-aaf7-a582ac7fc030,69b7a7c4-27e6-42a4-855c-1f0c9fd21940,en-US,MIDI Women
3cbcf53c-41a7-4378-8a2d-a687c27f49dd,6b0c073a-f6f7-414c-9859-7c2d4a0a94c6,en-US,Tenor Voice I
5117d144-a191-4810-a64e-e0a5fc563f08,6d35011f-b98b-436f-b4f7-92c3cff413c5,en-US,Saxofone Alto
9a1682ce-57fd-42f3-8d2e-d25acaadc1ef,6db799b5-20ea-4c9a-8d0d-18840c593ff4,en-US,Alto Voice II
9e5aff2c-b756-443f-b134-2a620f157cb8,6e373b8f-61cc-4046-8f3a-17254b5672f4,en-US,Orchestra Bells
94f92743-f3df-44c0-a718-d0107d10f688,71128210-90f0-447d-b201-aabd62a025bc,en-US,Contra Bass
c76b760c-dabd-4cc5-a601-0d107623b82c,76dd9e81-3b5a-4cad-b9c1-a688bdd60fbc,en-US,MIDI Tenor I
8eb65284-9b14-4f56-9a9c-aaa00713bda5,7c589108-7ab9-45cb-bcaa-2bff7e109ba5,en-US,Rehearsal Version
31cf4c5e-46c0-41d4-ba6e-0c8b7926c406,8040b04a-d09b-46af-add6-32958c719369,en-US,MIDI Soprano I
b66c8dfa-79e2-4f12-be45-d3261f9b4fba,8146609a-659e-4787-9e7e-64f19d21a132,en-US,Drums
b4dc1c6a-7a86-4322-b731-96ae08e436df,82977793-e6e3-404c-bc22-cec6d4834151,en-US,MIDI Bass
2aabc44a-9136-4262-9758-ba6ad7c80c96,8320af91-584c-4108-9cb9-6f23087a3a60,en-US,Slide
90f68503-7f0a-4bdf-922d-d3b637aac673,835cdb0c-8920-4a69-a067-a31c5afb6560,en-US,Choir and Piano
fdc98803-def4-4cf0-9997-18d2ccbc12f6,83898d12-d4f5-458c-84f9-9fb9b3519166,en-US,Flute II
3df38e86-a179-4e68-afd2-65897c758863,858d8a00-e4f3-4679-9e33-4026c87df8f4,en-US,Violin II
e9061636-392a-41cb-98ab-10a5fe6e163d,8601426e-d1e8-4cb6-889e-17a1c116cdf5,en-US,Piccolo
48459fae-e4aa-43e6-affc-77fec1570c0d,8860ed67-6b33-4e08-9064-adb93a5f5c2a,en-US,Audio
aba540cd-48bd-4a69-94bb-6b7e5f4e9b09,8c548fbb-7c9b-4563-aea9-5b7cfb9f9244,en-US,Suspended Cymbal
3ce910dd-bf4e-4320-95d9-53b89363a2ce,8cd30965-53c2-4317-bf24-52c8a430005b,en-US,Cello
b0f2e65e-4918-4ec6-aef1-3fd979d2fbd2,8ddc2fed-5298-4ead-bc71-e529921c00ac,en-US,Alto Voice
6cba6427-78f1-40e6-b31d-07b3966674f2,9125e159-3fd8-492d-952d-f8887e57d59f,en-US,Tenor Voice
bb31e939-c553-458d-86e4-e8a3472b08e0,93cf36a3-f52c-49e1-932d-c2976b4daaed,en-US,Organ
2e822c60-f6e7-40c2-985d-9945f387a421,93ea287b-d712-4452-8ec6-84478ecb6c22,en-US,Trombone
3095ed19-a2ec-4442-8071-ec88a0a02788,9641ba0d-0ccd-4f51-8747-7e6c002e461e,en-US,MIDI General
2bcf2509-b2bf-4a3e-83d9-4ae5dd344693,9b0099ff-dc7a-48c2-a3be-6d02b5c2340c,en-US,Timpani
78760458-daa0-431c-9316-0ee1737addf2,9bc574f7-fc96-427d-84c4-b060ef1a20cf,en-US,MIDI First Voice
82237bcc-73f6-4a25-a1c9-a42fdf2f9785,9f1d193d-c36f-466d-87d5-e1f4508c6415,en-US,Unknown
935804e3-250e-41d1-bd8c-e88201558715,a185dd50-a5f4-46be-a364-d4d609cadcca,en-US,Alto Voice I
578f4572-e527-491d-a493-fba60e4394e3,a19e9baa-596d-4d11-87a4-f0ccecdebca3,en-US,Score
8638fd4b-5f2e-4b40-89ef-8cfb1e9c53a9,a3d013e7-790b-4e4e-a254-aefb14185b51,en-US,Cornet
795fe2f4-25b3-4039-a730-c075e499d2c9,a3f9d722-b43c-4639-beb0-48a75757ab00,en-US,Saxophone
2f9aa8cf-5393-4d5d-8c20-cb8feaf8a8e1,a7d5270a-652c-4f88-afb4-3dccf5cb89e1,en-US,MIDI
d0a828f4-79ba-402a-82aa-94bf742a323c,a86c4571-e1e1-4375-a01f-28a9fcbdce01,en-US,Harp
ad15dd5d-ca6a-4ed7-84d3-801f434d23a3,ab76454d-6876-433b-932c-6b4bb88075ac,en-US,MIDI Alto
0d99ca54-2d64-48ca-bb14-8e46a56d908f,ac66b2d8-814c-42a0-8210-1b767ac609f7,en-US,Strings
d7158e00-ab86-4215-aacb-331fe801c053,ad27aa1a-7da8-41da-a8bc-71676acdc63d,en-US,Baritone Voice
f47a90f3-2f83-44a9-8bef-a3b76ec4eabe,b0013fd9-e996-4033-af58-e72d9c741cd0,en-US,Flute I
1d3c6701-ece8-4ac5-be33-dc78e2b58e9c,b2d08b24-26b7-4bf6-970d-eb84e29833ea,en-US,Trumpet
6e75021d-7175-4f05-adcc-25eca8bbf9a5,b324adec-924d-4a6b-9c2c-b3ef59eb1f6c,en-US,First Voice
4e3d0140-426e-42c1-8106-4f146c0d86cb,b33a159b-955e-4e93-bdce-3f9dfeb811b2,en-US,MIDI Soprano
29aac2d0-4eee-44e7-b2af-11ffbe65795b,b6072a39-1930-464f-a4f7-5e65370df4c0,en-US,Audio General
001de5d8-8425-4583-81d2-d380c755f2e2,b6a296c6-f1f5-4b4d-a5db-1a63021b9c3a,en-US,Glockenspiel
63110218-bf35-499c-b32d-a914c9a04673,bfcc4a22-e9ae-4cab-946c-f4c6199f1feb,en-US,MIDI Score
e986219e-bb5e-40e9-8cab-3bc9638dddc3,c1187df7-8d86-4865-bef8-1911dd82cfba,en-US,Snare Drum
321a8b4a-8bf2-428d-81e3-e06e91afe1af,c2fb644f-697c-4d43-9d5f-22319fa0ce79,en-US,Choir
0689bf4f-f6d2-4d2f-8632-41a481910371,c4ddecbd-ef4d-4e20-bece-4261201bccc8,en-US,Bass Voice
fd364c89-fa5e-439c-8cef-a8c15a4f8cd6,c518686d-3919-45bd-8aac-314d7f30d7cc,en-US,MIDI Second Voice
98bcb748-b708-4be0-8cc1-83b01cc09c4f,cf15647d-eaab-47ec-b313-95deec1d04e8,en-US,Soprano Voice I
bdc08895-0605-4fb2-b235-112b52e629bd,d65e6267-372e-4377-80ed-8a02a6bed47f,en-US,Flugelhorn
8dd813ad-ee22-4e71-b3c1-2f601c44f790,da800c21-8078-4c3b-9fc5-ff66d53858d3,en-US,MIDI Voice
c5da9460-2e71-4771-ad6f-edb9aa73dd99,e1a12c9e-ef1a-4ec9-9289-799479bc2e9b,en-US,Experience
690407e6-08c9-488c-a163-c441f9d6f8d4,e1f16ebc-20af-4d12-b95f-80f3608df128,en-US,Soprano Saxophone
386c0007-2da2-490f-a6a3-c8fb760bf354,e2274af6-a19f-4186-93cd-e3810ce75e2c,en-US,Chord Chart
8bf3dfac-2033-4b57-9edd-73606949c98f,e27f4585-f1ec-43fe-98ed-6fc4405447e0,en-US,Audio Solo
07f19066-ae82-4d09-a12d-30a445bc1a42,e3a4ae9d-fce7-4d00-ba07-0068121e811c,en-US,Electric Bass
fa89142d-ed8f-4e82-b974-3508fe927093,e3e43744-492b-41a1-9f84-92f9e7d983dd,en-US,Soprano Voice II
e4bccc7f-1904-476c-9812-1e6a3d7260b1,ef814b88-2562-4785-98a1-5fca88c11824,en-US,French Horn
9398eb99-a884-4b61-9fa5-bee37a7b6057,f04c2dbe-8152-430c-8120-5a51f3b2fac5,en-US,Percussion
6d789e90-cdd0-49d0-9fef-8b8e3463c40a,fb57aa8d-ba2d-4854-b3b5-41107b7240a0,en-US,Euphonium
4d295e58-1406-4313-bede-35bbe97d5097,fedcb814-e0b4-4bf9-9cb3-81898333d224,en-US,MIDI Men
963aeb4b-67e8-47de-9ce6-29ea5c730d72,02e00e67-ada7-4ac3-a8c5-7d9a2ab2465b,pt,MIDI Barítono
0d40a161-9d60-4364-972c-b56340489640,02e5d7fc-640d-4a22-ae31-20556f19fc63,pt,Violino I
6a153ccb-b2d4-4119-b3dc-2eaff1a90f18,04c80f74-0348-43af-8eb5-67699826e758,pt,Prato
8107c646-92ee-4a3e-9a7b-9220b88041a2,06e50eca-b05d-4a69-8ce3-d4a3179bd11e,pt,MIDI Tenor II
7fae74a2-fee7-4117-a41e-d9e383dfe0dc,09d5120b-2dd2-4408-8982-68bee197ce6a,pt,Piano
a3bba216-dd1f-45d9-986b-7c4daee7eb0a,11e3c9eb-c022-48c4-82a4-91f09bf089b0,pt,Flauta
3460eef9-8ee7-4954-a902-8f478f2599b7,12f9ac21-4bec-40e0-9411-d39a129f2c7b,pt,Clarinete
b7b45eea-01ce-4b93-b668-9ce99b305005,1427517d-7991-4fad-a023-4b0ec3f46166,pt,Metais
44f7bd68-23fb-402d-a65f-8dfd7c29ddfb,22997832-30fe-48e1-bdc0-3493b39814fb,pt,Trompete em Si bemol
24f3236b-0453-485e-a8b9-cc5a97f071ed,23d92c83-1bad-4c4a-a741-3306ce491bb5,pt,MIDI Contralto I
e8067ef1-9a97-4270-af7a-6ac07108cba0,251cc51f-5208-4b8c-a23c-657694a08997,pt,MIDI Contralto II
d490adc0-e7a1-4eea-8781-40b0df56e1f5,261d020a-1c04-4196-89ba-2bef4e090019,pt,Voz Cantada
69e39dcd-f6f5-4a74-b4a5-bb729c3327f3,27c1d204-c45f-4d6c-8f0f-90df3700e82a,pt,Tuba
600a9c57-8fab-4997-9636-96652013458c,27e39659-b4a0-4ef2-87f4-546fe292298d,pt,Cifra I
129f5e48-75ac-4d6d-be3f-6a53a4d405c4,2f7c63fc-c6f2-4357-86e7-77c7605f7eca,pt,MIDI Baixo I
2f658e75-4190-4ea0-b127-3bd6dfbd254a,32f70923-fbe8-4e39-893e-fc30824f749e,pt,Segunda Voz
ac984286-9794-4d33-b5f5-a810219be239,35ab281e-8aab-4be4-ba74-ef6ce771c46b,pt,MIDI Baixo II
b95b0678-7dc9-4758-9fc2-50781980f127,36fa6e60-37d6-40a4-87e4-aa099839ad25,pt,Partitura
be3e83ef-e3b0-4a3a-a9d8-d4fdd24a40c2,3723a55b-a0bb-49b1-be0e-2914915c51af,pt,Voz Soprano
8e329ad8-63d2-443a-b648-8208f589ee84,38d1bb43-0959-435d-b845-754ebec83a87,pt,Violão
cbcb9682-6c43-4cbe-9050-ede71caf8b87,3b55c854-aa8e-43cf-9433-ba49a0161d90,pt,Letras
7c854bcd-b7c7-413a-8b62-de612df577e7,40f562c0-c506-4044-a598-cccea7500fc4,pt,Saxofone Barítono
ea01c2b6-f65a-485a-bf15-d7b0bae8e20d,4120bf94-6ef9-4c94-be8f-97d088f0d9d4,pt,MIDI Voz Feminina
c0d7d0c2-4db2-4b56-8034-c6050bdc72da,4243223d-c2a0-433c-b385-1994dcfe4e46,pt,Trompa em Fá
7754809c-6155-4ae0-ae5e-a4df239d8e6c,481a43df-dd03-4a0a-a333-7ca0aa99fdf7,pt,Voz Tenor II
e08a150e-b41d-4e4c-9f6d-2772779f739f,48a0529d-f6c4-455c-b83b-19a99c0285ae,pt,MIDI Soprano II
bfdaeaaa-7060-41c6-9051-2a07646ec08a,4930d355-80ce-4192-8bab-c09d00f82c3c,pt,Fagote
209fb166-7df7-4b21-b0e5-5ad0d5e08d11,4965a489-9b7e-4560-bbc6-e5b88ca57bf4,pt,Harmônica
da77c3e7-1bad-4707-9950-be35ad86d348,4a21d073-1726-41a3-bca7-77550f91e02a,pt,Gestos CIAs
99d4c4ca-1d42-4476-8c2e-31588b456158,4a3be8c6-9e6a-42d6-9181-0cd19e2d1096,pt,Base
3d637735-621b-4704-af09-88699edd5ee2,4b880911-32df-4b86-aae2-78c6e467de60,pt,MIDI Voz Masculina
4a2a8b4c-15f7-47d2-91f4-67ad8db6c5db,4bbf1331-b13e-4029-bbb7-bf5eda568409,pt,MIDI Tenor
1adacd90-3782-4cda-ad35-59455357fcc1,5181c85f-7f24-4002-b4e0-74cdcea9de4b,pt,Oboé
85890701-7e5b-479a-9420-83f9919e5a91,541a5d3e-e788-4de2-98ea-18b0317b0c33,pt,Bumbo
86e4d4f0-26fd-4978-b584-b6b4ae9ebc1e,5605546e-b832-4b47-a141-13eed9d1a644,pt,Madeiras
82f109a3-52c5-48ed-9844-9680118da174,56c252f4-bcbe-47b9-99f6-f996de79ec32,pt,MIDI Coro
bc15199e-11d4-4ff9-af58-1692fd10c40c,578fa489-d31e-4a0e-8883-5e2c8a2b8957,pt,MIDI Instrumentos
006b3113-cb67-48c5-b486-77349826f62e,59df1962-d245-41eb-9fdc-ca79d69a34ab,pt,Clarinete em Si bemol
e4e3f80b-e8b4-41a7-a045-b6673a109b80,5a9d9ced-a5e3-4848-adac-f02a14b56038,pt,Cifra II
7ccfbf9d-474a-45c2-b8e2-8a11c35a2044,5d491559-6298-419d-a2d5-399675386a40,pt,Viola
3d2e619c-8961-4df1-9427-c255ee5a1b60,649b3ef6-60f3-4956-b0dc-b3a8b73ca1d2,pt,Áudio Coro
580bca1f-bed9-4591-adaa-ed2f935c47cd,64be7569-0246-4334-96c4-cb3cfb3ae5b2,pt,Playback
522cdc0b-cec9-48ec-bd05-24fefbbb0914,68915148-9029-4c2b-bb35-c89338240f0a,pt,Saxofone Tenor
2b7ab4a2-d22a-487b-9d50-48e692a3a510,69b7a7c4-27e6-42a4-855c-1f0c9fd21940,pt,MIDI Feminino
3cb4a08f-451b-4f7c-b169-e54d7d8077df,6b0c073a-f6f7-414c-9859-7c2d4a0a94c6,pt,Voz Tenor I
4646459e-8e6e-4171-aef4-7ab066c0a880,6d35011f-b98b-436f-b4f7-92c3cff413c5,pt,Saxofone Alto
fbb7e70f-7a85-4021-8936-0fc79d8aadfa,6db799b5-20ea-4c9a-8d0d-18840c593ff4,pt,Voz Contralto II
4feede94-1566-41cf-a71f-65569e0591ff,6e373b8f-61cc-4046-8f3a-17254b5672f4,pt,Sinos Orquestrais
d5e74ed8-b569-4e61-a719-bf2d04364c50,71128210-90f0-447d-b201-aabd62a025bc,pt,Contrabaixo
d564449d-dd60-4080-bb2f-8df160071141,76dd9e81-3b5a-4cad-b9c1-a688bdd60fbc,pt,MIDI Tenor I
abf21e5a-b974-4cc9-95ba-71183e434ba3,7c589108-7ab9-45cb-bcaa-2bff7e109ba5,pt,Versão de Ensaio
52b83f38-6b4c-416a-b28e-20256adae0bf,8040b04a-d09b-46af-add6-32958c719369,pt,MIDI Soprano I
3bc23177-a853-4def-a366-ba7282b6e97f,8146609a-659e-4787-9e7e-64f19d21a132,pt,Bateria
f3b048bd-4cbd-4e28-8570-508c731d641f,82977793-e6e3-404c-bc22-cec6d4834151,pt,MIDI Baixo
b31573ea-7dd7-4f97-b2eb-d4814284a0e5,8320af91-584c-4108-9cb9-6f23087a3a60,pt,Slide
1afdb381-de9f-4d1d-ac7c-ca61a45552d0,835cdb0c-8920-4a69-a067-a31c5afb6560,pt,Coro e Piano
8a1a095a-5f83-4c1b-8493-a60a9dc72b65,83898d12-d4f5-458c-84f9-9fb9b3519166,pt,Flauta II
5f8896fe-7460-40d6-89a6-57697478bcfe,858d8a00-e4f3-4679-9e33-4026c87df8f4,pt,Violino II
d646e343-a97d-496d-a140-133f99c6174b,8601426e-d1e8-4cb6-889e-17a1c116cdf5,pt,Flautim
33ec693a-643c-43d5-9a5e-fa00ab9fb82b,8860ed67-6b33-4e08-9064-adb93a5f5c2a,pt,Áudio
be88ed9b-075e-41c2-a8d4-5438e24563cc,8c548fbb-7c9b-4563-aea9-5b7cfb9f9244,pt,Prato Suspenso
70705188-ecfe-48f4-b255-f856057e8a00,8cd30965-53c2-4317-bf24-52c8a430005b,pt,Violoncelo
95346885-7d06-4294-9898-0194f20efcf0,8ddc2fed-5298-4ead-bc71-e529921c00ac,pt,Voz Contralto
fafaf71e-325d-4934-93a7-2651a84e62b6,9125e159-3fd8-492d-952d-f8887e57d59f,pt,Voz Tenor
3967861e-d2db-41cd-a6e5-e9aa7d7dd345,93cf36a3-f52c-49e1-932d-c2976b4daaed,pt,Órgão
bc40691e-745b-4037-a3fb-f04c5de0183b,93ea287b-d712-4452-8ec6-84478ecb6c22,pt,Trombone
b3bc2160-5703-4a23-83e8-3096534ee606,9641ba0d-0ccd-4f51-8747-7e6c002e461e,pt,MIDI Geral
5943b7a0-a792-466c-ae0b-6ebd760acfd2,9854d697-97cc-4c27-9d66-996cf38ebf10,pt,Vibrafone
18f4ccb8-724e-4663-b563-dc3f2f1da382,9b0099ff-dc7a-48c2-a3be-6d02b5c2340c,pt,Tímpanos
ccec6783-6714-4ed0-b9cf-f057521992e5,9bc574f7-fc96-427d-84c4-b060ef1a20cf,pt,MIDI Primeira Voz
1b3764c4-3c49-45e4-822b-5f608f16e79c,9f1d193d-c36f-466d-87d5-e1f4508c6415,pt,Desconhecido
dccddab1-2451-402c-87b6-2014d20790fa,a185dd50-a5f4-46be-a364-d4d609cadcca,pt,Voz Contralto I
8a67173f-bc8b-4af7-b619-35949fcb2e7a,a19e9baa-596d-4d11-87a4-f0ccecdebca3,pt,Grade
5bd59b1c-a760-418f-9ed4-9eb50a221376,a3d013e7-790b-4e4e-a254-aefb14185b51,pt,Corneta
09f24762-b5d0-425a-a1f2-670f84baa43f,a3f9d722-b43c-4639-beb0-48a75757ab00,pt,Saxofone
d67f7515-69c8-4ff4-b72a-7299d609cf8b,a7d5270a-652c-4f88-afb4-3dccf5cb89e1,pt,MIDI
e5d34649-3c33-49a3-9441-94d06e71c2e9,a86c4571-e1e1-4375-a01f-28a9fcbdce01,pt,Harpa
e12937bd-f867-471d-87c0-046db07c1deb,ab76454d-6876-433b-932c-6b4bb88075ac,pt,MIDI Contralto
fa069a30-2eb2-4df0-b543-014347b00238,ac66b2d8-814c-42a0-8210-1b767ac609f7,pt,Cordas
d6d17ca5-490a-41b4-9bf6-ac74668fceeb,ad27aa1a-7da8-41da-a8bc-71676acdc63d,pt,Voz Barítono
1d91b41b-e4b6-4f9a-b684-4a95d526fb0e,b0013fd9-e996-4033-af58-e72d9c741cd0,pt,Flauta I
2878673a-c6c1-4e0c-948d-31846fcfb90f,b2d08b24-26b7-4bf6-970d-eb84e29833ea,pt,Trompete
b6b0ed80-082a-426d-a063-7f61da8a6d68,b30b17c4-3d57-459c-a50c-9561b98ecedb,pt,Violino
9f67be23-b088-4528-9ae5-834f2226d700,b324adec-924d-4a6b-9c2c-b3ef59eb1f6c,pt,Primeira Voz
32d49cd6-f825-4273-8c25-b055bdbec688,b33a159b-955e-4e93-bdce-3f9dfeb811b2,pt,MIDI Soprano
f89d5649-b76a-4249-a5f4-c354d0268d82,b6072a39-1930-464f-a4f7-5e65370df4c0,pt,Áudio Geral
e19e121d-5754-4134-8690-00f068fd5b25,b6a296c6-f1f5-4b4d-a5db-1a63021b9c3a,pt,Glockenspiel
e0ab64e8-f4d6-4f84-b5fc-91811f8d2694,bfcc4a22-e9ae-4cab-946c-f4c6199f1feb,pt,MIDI Grade
929cad52-b23b-4d35-86c3-f5a1377a1d03,c1187df7-8d86-4865-bef8-1911dd82cfba,pt,Caixa
1861ec69-f345-4c33-bfdc-a764a329a887,c2fb644f-697c-4d43-9d5f-22319fa0ce79,pt,Coro
9c6937a3-4ee4-40c9-8fc7-663cdfdd1134,c4ddecbd-ef4d-4e20-bece-4261201bccc8,pt,Voz Baixo
14d1acaa-97c4-43cc-bf5a-1a11f73adc2e,c518686d-3919-45bd-8aac-314d7f30d7cc,pt,MIDI Segunda Voz
6d4114f7-2db5-46ff-b58a-6ef4e736416d,cf15647d-eaab-47ec-b313-95deec1d04e8,pt,Voz Soprano I
4a47d782-d1f4-4f57-be84-b65d050ac672,d65e6267-372e-4377-80ed-8a02a6bed47f,pt,Fliscorne
0485b7c3-7e0a-4dbc-bd62-e5afec3d6c1a,da800c21-8078-4c3b-9fc5-ff66d53858d3,pt,MIDI Voz
e09011f1-d1b8-4e8c-a005-4574d531a056,e1a12c9e-ef1a-4ec9-9289-799479bc2e9b,pt,Experiência
2f73e1d9-c9c5-4f13-9ad7-975af404a79d,e1f16ebc-20af-4d12-b95f-80f3608df128,pt,Saxofone Soprano
9e84a37e-92e4-4874-859d-0751830a02c8,e2274af6-a19f-4186-93cd-e3810ce75e2c,pt,Cifra
12c234bd-8d97-467c-90d3-1467e8711342,e27f4585-f1ec-43fe-98ed-6fc4405447e0,pt,Áudio Solo
907bf64f-3f51-42b5-9923-5678a5ee3187,e3a4ae9d-fce7-4d00-ba07-0068121e811c,pt,Contrabaixo Elétrico
59749add-6cd6-4178-82e9-2b03fc450fc0,e3e43744-492b-41a1-9f84-92f9e7d983dd,pt,Voz Soprano II
02fb15ba-ca4a-43af-b03a-930f1b31dc5f,e559526d-1064-401b-9a34-e4c39a302143,pt,Voz Masculina
4c65e479-9e29-4a39-9b51-09d2d459d1d9,e60c9cf5-37d4-4f93-9459-0f1d4625d395,pt,Voz Feminina
08f02891-d849-4390-9c3e-6247aba562d0,ef814b88-2562-4785-98a1-5fca88c11824,pt,Trompa
42168e8d-c0ef-45d6-bc7f-44248f96edbf,f04c2dbe-8152-430c-8120-5a51f3b2fac5,pt,Percussão
831727ae-9e5b-4bee-903e-56291e346961,fb57aa8d-ba2d-4854-b3b5-41107b7240a0,pt,Eufônio (Bombardino)
c6d47d4a-2b43-4b4d-8540-9dd744c0c761,fedcb814-e0b4-4bf9-9cb3-81898333d224,pt,MIDI Masculino
f8bd2d49-74a0-43e7-a1f1-3efb030cd091,02e00e67-ada7-4ac3-a8c5-7d9a2ab2465b,pt-BR,MIDI Barítono
5d4295a6-0b81-44aa-a351-355d1d766118,02e5d7fc-640d-4a22-ae31-20556f19fc63,pt-BR,Violino I
17c49285-cf8b-4682-8995-c940ce33e0b6,04c80f74-0348-43af-8eb5-67699826e758,pt-BR,Pratos
672a39e5-30a4-4d69-b095-e3c21579f59c,06e50eca-b05d-4a69-8ce3-d4a3179bd11e,pt-BR,MIDI Tenor II
3181bb8f-25cc-4c91-b9d3-3d3b1a26e1af,09d5120b-2dd2-4408-8982-68bee197ce6a,pt-BR,Piano
e5fda64e-6924-49ef-b8d8-28f1e30d828c,11e3c9eb-c022-48c4-82a4-91f09bf089b0,pt-BR,Flauta
5b6d5ba7-0951-4459-a2c2-3055e11ba832,12f9ac21-4bec-40e0-9411-d39a129f2c7b,pt-BR,Clarinete
9cbd925a-2b3a-4491-b327-83b50b13be26,1427517d-7991-4fad-a023-4b0ec3f46166,pt-BR,Metais
1d97243c-ff32-4646-b7bc-82e467a10d25,22997832-30fe-48e1-bdc0-3493b39814fb,pt-BR,Trompete em Bb
3ae2ac4d-4358-4fdc-baf2-41a08d917843,23d92c83-1bad-4c4a-a741-3306ce491bb5,pt-BR,MIDI Contralto I
3803e2fb-bb6c-4087-aa8e-0148e2b23638,251cc51f-5208-4b8c-a23c-657694a08997,pt-BR,MIDI Contralto II
1963b801-6219-48bf-9e0c-d3e428e0e95c,261d020a-1c04-4196-89ba-2bef4e090019,pt-BR,Voz Cantada
29b0c504-8e3e-46b2-a8a5-9f8cc7060e38,27c1d204-c45f-4d6c-8f0f-90df3700e82a,pt-BR,Tuba
474cc6f6-b8b8-413b-80d5-c2161e143197,2f7c63fc-c6f2-4357-86e7-77c7605f7eca,pt-BR,MIDI Baixo I
29f902ad-deb0-45e5-96aa-1ab7f2393866,32f70923-fbe8-4e39-893e-fc30824f749e,pt-BR,Segunda Voz
0a648157-7d1f-4774-b0cf-29074c48185b,35ab281e-8aab-4be4-ba74-ef6ce771c46b,pt-BR,MIDI Baixo II
513619f4-6ba7-4aff-b894-101ea88bd40b,36fa6e60-37d6-40a4-87e4-aa099839ad25,pt-BR,Partitura
df7cad0c-35cd-4967-a2a4-7e60e1b2d812,3723a55b-a0bb-49b1-be0e-2914915c51af,pt-BR,Voz Soprano
c5c0e642-3e51-4d7f-a0f3-089caa7f0aa2,38d1bb43-0959-435d-b845-754ebec83a87,pt-BR,Guitarra (violão)
aada45d9-3ad5-4b32-99a9-f8cfdbb42bf2,3b55c854-aa8e-43cf-9433-ba49a0161d90,pt-BR,Letras
d00b9c92-db24-4090-832b-a7bec73bf9c6,40f562c0-c506-4044-a598-cccea7500fc4,pt-BR,Saxofone Barítono
2ecb39e6-f502-484c-92db-25ae8cad8d7f,4120bf94-6ef9-4c94-be8f-97d088f0d9d4,pt-BR,MIDI Voz Feminina
a92b9241-eca9-4973-ae6a-a724fb31b985,4243223d-c2a0-433c-b385-1994dcfe4e46,pt-BR,Trompa em F
d7f42190-edbf-451c-a797-45dc9b341485,481a43df-dd03-4a0a-a333-7ca0aa99fdf7,pt-BR,Voz Tenor II
e6d5052a-39aa-4007-a235-2b8f7e7e903d,48a0529d-f6c4-455c-b83b-19a99c0285ae,pt-BR,MIDI Soprano II
d558c47e-0c7d-44f3-8134-c233e981366e,4930d355-80ce-4192-8bab-c09d00f82c3c,pt-BR,Fagote
962d80ff-8fae-4e84-b2f6-073696b10f9a,4965a489-9b7e-4560-bbc6-e5b88ca57bf4,pt-BR,Harmonia
178fd683-5f0c-484d-832b-7e1f777ff130,4a21d073-1726-41a3-bca7-77550f91e02a,pt-BR,Gestos CIAs
b1768476-c3a8-4c14-b081-bae84b0284a0,4a3be8c6-9e6a-42d6-9181-0cd19e2d1096,pt-BR,Base
22b54001-fb6f-4c6b-a1b3-8e4dd279593a,4b880911-32df-4b86-aae2-78c6e467de60,pt-BR,MIDI Voz Masculina
28738351-21ec-4a7a-bb29-91329ab870d9,4bbf1331-b13e-4029-bbb7-bf5eda568409,pt-BR,MIDI Tenor
323d56eb-c924-46d6-8fc7-e7efcea981b0,5181c85f-7f24-4002-b4e0-74cdcea9de4b,pt-BR,Oboé
f60e854a-3e01-4fc6-87e4-67ac8df68428,541a5d3e-e788-4de2-98ea-18b0317b0c33,pt-BR,Bumbo
fd5a9bb6-d00b-4560-9fd9-5b06670100ce,5605546e-b832-4b47-a141-13eed9d1a644,pt-BR,Madeiras
a102c017-d686-4cca-9895-75b7aec83a32,56c252f4-bcbe-47b9-99f6-f996de79ec32,pt-BR,MIDI Coro
c95a2af2-61a2-4c48-a0bd-2228abf3e8a2,578fa489-d31e-4a0e-8883-5e2c8a2b8957,pt-BR,MIDI Instrumentos
21a0ba7e-6574-4b72-8156-c0c79d078f7c,59df1962-d245-41eb-9fdc-ca79d69a34ab,pt-BR,Clarinete em Bb
73d4a88e-2363-495c-9e0f-71e856054da1,5d491559-6298-419d-a2d5-399675386a40,pt-BR,Viola
65ff59ba-cbed-4892-835e-471ad3832daf,649b3ef6-60f3-4956-b0dc-b3a8b73ca1d2,pt-BR,Áudio Grupo
ab9d64f7-3b66-4e7d-87eb-60b99c7fe536,64be7569-0246-4334-96c4-cb3cfb3ae5b2,pt-BR,Playback
980c66d1-2d5b-4ec9-b21f-7eda57d5d63f,68915148-9029-4c2b-bb35-c89338240f0a,pt-BR,Saxofone Tenor
a3bd6844-67fd-490e-9c47-a53e49acbce5,69b7a7c4-27e6-42a4-855c-1f0c9fd21940,pt-BR,MIDI Varoas
eedf9723-a1b7-432a-929c-4aeddbeae9e8,6b0c073a-f6f7-414c-9859-7c2d4a0a94c6,pt-BR,Voz Tenor I
0c066faa-4790-493d-9c59-3bcb4a084e43,6d35011f-b98b-436f-b4f7-92c3cff413c5,pt-BR,Saxofone Alto
8e54a808-2906-4287-9a46-de058d31b0f9,6db799b5-20ea-4c9a-8d0d-18840c593ff4,pt-BR,Voz Contralto II
2602a855-c6ca-415e-98fc-a4d065389727,6e373b8f-61cc-4046-8f3a-17254b5672f4,pt-BR,Sinos de Orquestra
6b73ebca-dc24-4ad6-8483-5f4717aed379,71128210-90f0-447d-b201-aabd62a025bc,pt-BR,Contra Baixo
1add5beb-34f4-400d-83da-ddeb920c7d3e,76dd9e81-3b5a-4cad-b9c1-a688bdd60fbc,pt-BR,MIDI Tenor I
a9c4302d-30d2-4b93-9c52-723824705e11,7c589108-7ab9-45cb-bcaa-2bff7e109ba5,pt-BR,Versão Ensaio
1ec4b6f5-430b-42b0-b5aa-8291d186b173,8040b04a-d09b-46af-add6-32958c719369,pt-BR,MIDI Soprano I
c2dcf34c-714f-48d1-9c20-d8e954d5f844,8146609a-659e-4787-9e7e-64f19d21a132,pt-BR,Bateria
4590b4f1-adee-4676-b718-4eef4c16d2b1,82977793-e6e3-404c-bc22-cec6d4834151,pt-BR,MIDI Baixo
80f5dc52-3a17-4b67-ae6a-213e1f023d87,8320af91-584c-4108-9cb9-6f23087a3a60,pt-BR,Slide
e5e383ac-63b7-4805-89fe-44c7a17548b0,835cdb0c-8920-4a69-a067-a31c5afb6560,pt-BR,Coro e Piano
026e7061-dc60-4901-b226-2da63b4df2f0,83898d12-d4f5-458c-84f9-9fb9b3519166,pt-BR,Flauta II
6ad3cc9b-af63-4726-b6fd-05ca268ae90c,858d8a00-e4f3-4679-9e33-4026c87df8f4,pt-BR,Violino II
df727492-495d-4465-85d0-928b0eb88c4c,8601426e-d1e8-4cb6-889e-17a1c116cdf5,pt-BR,Flautim
123082a0-c058-4cb8-bea5-f512afca0640,8860ed67-6b33-4e08-9064-adb93a5f5c2a,pt-BR,Áudio
b84cc5b5-1f44-47dc-b54a-3a6aa805aef3,8c548fbb-7c9b-4563-aea9-5b7cfb9f9244,pt-BR,Pratos Suspensos
2b001c3b-b350-4f1d-88d9-8e9230ad6931,8cd30965-53c2-4317-bf24-52c8a430005b,pt-BR,Violoncelo
ce8476ea-10fa-4872-95b6-56565fc0483f,8ddc2fed-5298-4ead-bc71-e529921c00ac,pt-BR,Voz Contralto
7d97890d-a144-43ef-ad96-bd84d2213239,9125e159-3fd8-492d-952d-f8887e57d59f,pt-BR,Voz Tenor
9e23f214-6e8f-4771-8694-a028fa4b3992,93cf36a3-f52c-49e1-932d-c2976b4daaed,pt-BR,Órgão
0da39197-9058-47e6-9977-f5339490e01d,93ea287b-d712-4452-8ec6-84478ecb6c22,pt-BR,Trombone
c9ae148f-366a-4f2b-b132-3e205f39bb9a,9641ba0d-0ccd-4f51-8747-7e6c002e461e,pt-BR,MIDI Geral
562e5976-794a-405a-871f-4f0bf38b23e9,9854d697-97cc-4c27-9d66-996cf38ebf10,pt-BR,Vibrafone
dada2538-a5fb-4b10-a940-22cfebef8213,9b0099ff-dc7a-48c2-a3be-6d02b5c2340c,pt-BR,Tímpanos
060fc6f0-1d3b-44be-8150-268646eeef8a,9bc574f7-fc96-427d-84c4-b060ef1a20cf,pt-BR,MIDI Primeira Voz
afe19582-9b36-4356-b578-558886573b89,9f1d193d-c36f-466d-87d5-e1f4508c6415,pt-BR,Desconhecido
93bac0a7-5794-4f71-8ef5-574fcf3ed8c6,a185dd50-a5f4-46be-a364-d4d609cadcca,pt-BR,Voz Contralto I
ea4888d9-01ea-4685-811f-494c3454d070,a19e9baa-596d-4d11-87a4-f0ccecdebca3,pt-BR,Grade
d208f5ed-1cc8-477d-9ed2-3250f1fc1e66,a3d013e7-790b-4e4e-a254-aefb14185b51,pt-BR,Corneta
485a0487-ca43-4149-a0ec-2af6b0cb29ba,a3f9d722-b43c-4639-beb0-48a75757ab00,pt-BR,Saxofone
143c6214-90ec-4925-bc6e-213d5d223976,a7d5270a-652c-4f88-afb4-3dccf5cb89e1,pt-BR,MIDI
1f345adc-c2c1-4105-be0c-f741ab7f03eb,a86c4571-e1e1-4375-a01f-28a9fcbdce01,pt-BR,Harpa
0b99816f-ce1b-452a-95b4-2ab2b19fa663,ab76454d-6876-433b-932c-6b4bb88075ac,pt-BR,MIDI Contralto
dcde01ff-4824-4aec-a5ef-4398b3ffd8d1,ac66b2d8-814c-42a0-8210-1b767ac609f7,pt-BR,Cordas
cf74c734-beb0-4e33-a1c0-325b50cf0352,ad27aa1a-7da8-41da-a8bc-71676acdc63d,pt-BR,Voz Barítono
2b734eab-1959-4eca-8631-cc51f84f3305,b0013fd9-e996-4033-af58-e72d9c741cd0,pt-BR,Flauta I
be1c14b4-b60a-477e-82bf-3441bad79aa6,b2d08b24-26b7-4bf6-970d-eb84e29833ea,pt-BR,Trompete
a22adecf-7d8b-40a6-82c4-f4eca19df30b,b30b17c4-3d57-459c-a50c-9561b98ecedb,pt-BR,Violino
1130df54-e3bb-4930-968a-8b0a02fa1cdc,b324adec-924d-4a6b-9c2c-b3ef59eb1f6c,pt-BR,Primeira Voz
89b0b7a4-7ee4-4c92-b329-d83a5b84fd5e,b33a159b-955e-4e93-bdce-3f9dfeb811b2,pt-BR,MIDI Soprano
0b2ea161-a03a-4942-8abe-436f4d55ac69,b6072a39-1930-464f-a4f7-5e65370df4c0,pt-BR,Audio Geral
816d330b-bb40-40ec-a95c-d6c05d77210c,b6a296c6-f1f5-4b4d-a5db-1a63021b9c3a,pt-BR,Sinos
f343c8cf-c632-44b9-be56-1130404b6f99,bfcc4a22-e9ae-4cab-946c-f4c6199f1feb,pt-BR,MIDI Grade
4c4f0d57-3d7f-4c1f-a920-1b0af3a65fb6,c1187df7-8d86-4865-bef8-1911dd82cfba,pt-BR,Caixa
1300375d-dd0c-479f-9dcc-550687df4d4f,c2fb644f-697c-4d43-9d5f-22319fa0ce79,pt-BR,Coro
f99966b7-e9a5-4b69-9565-648a7683710b,c4ddecbd-ef4d-4e20-bece-4261201bccc8,pt-BR,Voz Baixo
4325cb48-5586-48f1-8ed4-5c8b501dbe74,c518686d-3919-45bd-8aac-314d7f30d7cc,pt-BR,MIDI Segunda Voz
995506ef-b5b6-4ac3-8743-bcd8a4b6c229,cf15647d-eaab-47ec-b313-95deec1d04e8,pt-BR,Voz Soprano I
f4fd2d3f-5689-4912-acd3-ce647b1f7d88,d65e6267-372e-4377-80ed-8a02a6bed47f,pt-BR,Fliscorne
544839b8-3522-4e42-8ab2-8de65dd5cc89,da800c21-8078-4c3b-9fc5-ff66d53858d3,pt-BR,MIDI Voz
5691f5b2-792e-4e40-95ea-8930317974ad,e1a12c9e-ef1a-4ec9-9289-799479bc2e9b,pt-BR,Experiência
f49158fb-2397-4a38-8587-23ba567dedd1,e1f16ebc-20af-4d12-b95f-80f3608df128,pt-BR,Saxofone Soprano
b5477eb9-70d0-4fe8-8af8-c05971b7b09f,e2274af6-a19f-4186-93cd-e3810ce75e2c,pt-BR,Cifra
95d71028-9536-43c5-be42-32bc307864ca,e27f4585-f1ec-43fe-98ed-6fc4405447e0,pt-BR,Áudio Solo
9953ebde-a368-4667-91a1-95c9f0a8a5c5,e3a4ae9d-fce7-4d00-ba07-0068121e811c,pt-BR,Baixo Elétrico
b7dcad99-b413-443b-9620-1eac5fdd29bc,e3e43744-492b-41a1-9f84-92f9e7d983dd,pt-BR,Voz Soprano II
fd87f914-67c3-465b-b8c9-839e281bfd55,e559526d-1064-401b-9a34-e4c39a302143,pt-BR,Voz Varões
25d28a45-5c65-4ba2-8b4e-b416a6f2fb35,e60c9cf5-37d4-4f93-9459-0f1d4625d395,pt-BR,Voz Varoas
155f0963-47ae-42c9-8fb8-dd7a177bbb6b,ef814b88-2562-4785-98a1-5fca88c11824,pt-BR,Trompa
3a469f20-06de-4a12-866e-ee47d063c48e,f04c2dbe-8152-430c-8120-5a51f3b2fac5,pt-BR,Percussão
c80c2ca6-ae3e-49d7-87d0-3d4fb2fa4fa7,fb57aa8d-ba2d-4854-b3b5-41107b7240a0,pt-BR,Eufônio (Bombardino)
3027aadf-cee1-4883-94be-e17755226f04,fedcb814-e0b4-4bf9-9cb3-81898333d224,pt-BR,MIDI Varões
